[
  {
    "Id": 1,
    "Name": "Task",
    "Description": "None",
    "Deadline": "2024-12-31",
    "Priority": "Medium",
    "IsComplete": true
  },
  {
    "Id": 2,
    "Name": "Coding",
    "Description": "None",
    "Deadline": "2024-12-31",
    "Priority": "High",
    "IsComplete": true
  },
  {
    "Id": 3,
    "Name": "Designing",
    "Description": "UI design for app",
    "Deadline": "2024-12-31",
    "Priority": "Low",
    "IsComplete": false
  },
  {
    "Id": 4,
    "Name": "Testing",
    "Description": "Unit testing the code",
    "Deadline": "2025-01-02",
    "Priority": "High",
    "IsComplete": false
  },
  {
    "Id": 5,
    "Name": "Bug Fixing",
    "Description": "Fix UI bugs",
    "Deadline": "2025-01-05",
    "Priority": "Medium",
    "IsComplete": true
  },
  {
    "Id": 6,
    "Name": "Documentation",
    "Description": "Write the project documentation",
    "Deadline": "2025-01-10",
    "Priority": "Low",
    "IsComplete": false
  },
  {
    "Id": 7,
    "Name": "Refactoring",
    "Description": "Improve code structure",
    "Deadline": "2025-01-15",
    "Priority": "Medium",
    "IsComplete": false
  },
  {
    "Id": 8,
    "Name": "Research",
    "Description": "Explore new features",
    "Deadline": "2025-01-20",
    "Priority": "Low",
    "IsComplete": false
  },
  {
    "Id": 9,
    "Name": "Optimization",
    "Description": "Optimize code for performance",
    "Deadline": "2025-01-25",
    "Priority": "High",
    "IsComplete": false
  },
  {
    "Id": 10,
    "Name": "Deployment",
    "Description": "Deploy the application to production",
    "Deadline": "2025-02-01",
    "Priority": "High",
    "IsComplete": false
  },
  {
    "Id": 11,
    "Name": "Meeting with Client",
    "Description": "Discuss project progress",
    "Deadline": "2025-02-05",
    "Priority": "Medium",
    "IsComplete": false
  },
  {
    "Id": 12,
    "Name": "Marketing",
    "Description": "Prepare marketing material",
    "Deadline": "2025-02-10",
    "Priority": "Low",
    "IsComplete": false
  },
  {
    "Id": 13,
    "Name": "Code Review",
    "Description": "Review code with the team",
    "Deadline": "2025-02-15",
    "Priority": "Medium",
    "IsComplete": false
  },
  {
    "Id": 14,
    "Name": "Sprint Planning",
    "Description": "Plan the next sprint",
    "Deadline": "2025-02-20",
    "Priority": "High",
    "IsComplete": false
  },
  {
    "Id": 15,
    "Name": "Release Notes",
    "Description": "Write release notes for version 1.0",
    "Deadline": "2025-02-25",
    "Priority": "Medium",
    "IsComplete": false
  },
  {
    "Id": 16,
    "Name": "Team Meeting",
    "Description": "Discuss team progress and blockers",
    "Deadline": "2025-03-01",
    "Priority": "Low",
    "IsComplete": false
  },
  {
    "Id": 17,
    "Name": "UI Testing",
    "Description": "Test new UI features",
    "Deadline": "2025-03-05",
    "Priority": "High",
    "IsComplete": false
  },
  {
    "Id": 18,
    "Name": "Feedback Collection",
    "Description": "Collect user feedback for version 1.0",
    "Deadline": "2025-03-10",
    "Priority": "Medium",
    "IsComplete": false
  },
  {
    "Id": 19,
    "Name": "User Manual",
    "Description": "Create user manual for the app",
    "Deadline": "2025-03-15",
    "Priority": "Low",
    "IsComplete": false
  },
  {
    "Id": 20,
    "Name": "Security Review",
    "Description": "Perform security review of the application",
    "Deadline": "2025-03-20",
    "Priority": "High",
    "IsComplete": false
  },
  {
    "Id": 21,
    "Name": "Database Optimization",
    "Description": "Optimize database queries",
    "Deadline": "2025-03-25",
    "Priority": "Medium",
    "IsComplete": false
  },
  {
    "Id": 22,
    "Name": "Server Maintenance",
    "Description": "Perform server maintenance",
    "Deadline": "2025-03-30",
    "Priority": "High",
    "IsComplete": false
  },
  {
    "Id": 23,
    "Name": "Networking",
    "Description": "Work on networking protocols",
    "Deadline": "2025-04-05",
    "Priority": "Low",
    "IsComplete": false
  },
  {
    "Id": 24,
    "Name": "Final Testing",
    "Description": "Perform final testing before release",
    "Deadline": "2025-04-10",
    "Priority": "High",
    "IsComplete": false
  },
  {
    "Id": 25,
    "Name": "Release Candidate",
    "Description": "Prepare release candidate for final approval",
    "Deadline": "2025-04-15",
    "Priority": "Medium",
    "IsComplete": false
  },
  {
    "Id": 26,
    "Name": "Post-release Support",
    "Description": "Provide support after release",
    "Deadline": "2025-04-20",
    "Priority": "Low",
    "IsComplete": false
  },
  {
    "Id": 27,
    "Name": "Customer Support",
    "Description": "Handle customer support tickets",
    "Deadline": "2025-04-25",
    "Priority": "High",
    "IsComplete": false
  },
  {
    "Id": 28,
    "Name": "Update Documentation",
    "Description": "Update documentation with latest changes",
    "Deadline": "2025-04-30",
    "Priority": "Medium",
    "IsComplete": false
  },
  {
    "Id": 29,
    "Name": "New Feature",
    "Description": "Develop a new feature for the app",
    "Deadline": "2025-05-05",
    "Priority": "High",
    "IsComplete": false
  },
  {
    "Id": 30,
    "Name": "Client Demo",
    "Description": "Prepare demo for the client",
    "Deadline": "2025-05-10",
    "Priority": "Medium",
    "IsComplete": false
  },
  {
    "Id": 31,
    "Name": "Performance Benchmarking",
    "Description": "Benchmark the app performance",
    "Deadline": "2025-05-15",
    "Priority": "Low",
    "IsComplete": false
  },
  {
    "Id": 32,
    "Name": "Refactor Database",
    "Description": "Refactor database schema for scalability",
    "Deadline": "2025-05-20",
    "Priority": "High",
    "IsComplete": false
  },
  {
    "Id": 33,
    "Name": "Mobile App",
    "Description": "Start mobile app development",
    "Deadline": "2025-05-25",
    "Priority": "Low",
    "IsComplete": false
  },
  {
    "Id": 34,
    "Name": "App Localization",
    "Description": "Localize app for multiple languages",
    "Deadline": "2025-06-01",
    "Priority": "Medium",
    "IsComplete": false
  },
  {
    "Id": 35,
    "Name": "Server Scaling",
    "Description": "Scale the server infrastructure",
    "Deadline": "2025-06-05",
    "Priority": "High",
    "IsComplete": false
  },
  {
    "Id": 36,
    "Name": "Integration with API",
    "Description": "Integrate third-party APIs",
    "Deadline": "2025-06-10",
    "Priority": "Medium",
    "IsComplete": false
  },
  {
    "Id": 37,
    "Name": "Code Cleanup",
    "Description": "Clean up deprecated code",
    "Deadline": "2025-06-15",
    "Priority": "Low",
    "IsComplete": false
  },
  {
    "Id": 38,
    "Name": "App Deployment",
    "Description": "Deploy app to multiple platforms",
    "Deadline": "2025-06-20",
    "Priority": "High",
    "IsComplete": false
  },
  {
    "Id": 39,
    "Name": "User Research",
    "Description": "Conduct user research for new features",
    "Deadline": "2025-06-25",
    "Priority": "Medium",
    "IsComplete": false
  },
  {
    "Id": 40,
    "Name": "Database Migration",
    "Description": "Migrate data to a new database",
    "Deadline": "2025-07-01",
    "Priority": "Low",
    "IsComplete": false
  },
  {
    "Id": 41,
    "Name": "Code Optimization",
    "Description": "Optimize code for better performance",
    "Deadline": "2025-07-05",
    "Priority": "High",
    "IsComplete": false
  },
  {
    "Id": 42,
    "Name": "API Testing",
    "Description": "Test API endpoints",
    "Deadline": "2025-07-10",
    "Priority": "Medium",
    "IsComplete": false
  },
  {
    "Id": 43,
    "Name": "Cloud Integration",
    "Description": "Integrate cloud services for storage",
    "Deadline": "2025-07-15",
    "Priority": "Low",
    "IsComplete": false
  },
  {
    "Id": 44,
    "Name": "Project Planning",
    "Description": "Plan the next project phase",
    "Deadline": "2025-07-20",
    "Priority": "Medium",
    "IsComplete": false
  },
  {
    "Id": 45,
    "Name": "Feature Freeze",
    "Description": "Freeze features for the next release",
    "Deadline": "2025-07-25",
    "Priority": "High",
    "IsComplete": false
  },
  {
    "Id": 46,
    "Name": "Beta Testing",
    "Description": "Conduct beta testing with users",
    "Deadline": "2025-07-30",
    "Priority": "Medium",
    "IsComplete": false
  },
  {
    "Id": 47,
    "Name": "Launch Event",
    "Description": "Prepare for product launch event",
    "Deadline": "2025-08-01",
    "Priority": "High",
    "IsComplete": false
  },
  {
    "Id": 48,
    "Name": "Marketing Campaign",
    "Description": "Run marketing campaign for the product",
    "Deadline": "2025-08-05",
    "Priority": "Low",
    "IsComplete": false
  },
  {
    "Id": 49,
    "Name": "Post-launch Review",
    "Description": "Review performance post-launch",
    "Deadline": "2025-08-10",
    "Priority": "Medium",
    "IsComplete": false
  },
  {
    "Id": 50,
    "Name": "End-of-Project Evaluation",
    "Description": "Evaluate the overall project success",
    "Deadline": "2025-08-15",
    "Priority": "Low",
    "IsComplete": false
  },
  {
    "Id": 51,
    "Name": "Task",
    "Description": "None",
    "Deadline": "2025-01-01",
    "Priority": "Medium",
    "IsComplete": false
  }
]